Test ID,Test Suite,Test Case Name,Execution Time (ms),Status
SEL-0001,WebE2ETest,Login_ValidUser_variation_1,2441,PASSED
SEL-0002,WebE2ETest,Search_DonorByBloodGroup_variation_2,4335,PASSED
SEL-0003,WebE2ETest,Notifications_ClearAll_variation_3,2610,PASSED
SEL-0004,WebE2ETest,Login_ValidUser_variation_4,1804,PASSED
SEL-0005,WebE2ETest,Request_SubmitEmergency_variation_5,3724,PASSED
SEL-0006,WebE2ETest,Login_ValidUser_variation_6,2234,PASSED
SEL-0007,WebE2ETest,Logout_Success_variation_7,1564,PASSED
SEL-0008,WebE2ETest,Search_DonorByBloodGroup_variation_8,3904,PASSED
SEL-0009,WebE2ETest,Dashboard_LoadData_variation_9,4419,PASSED
SEL-0010,WebE2ETest,Profile_UpdateAvatar_variation_10,1815,PASSED
SEL-0011,WebE2ETest,Request_SubmitEmergency_variation_11,2165,PASSED
SEL-0012,WebE2ETest,Search_DonorByBloodGroup_variation_12,3821,PASSED
SEL-0013,WebE2ETest,Profile_UpdateAvatar_variation_13,4273,PASSED
SEL-0014,WebE2ETest,Settings_ToggleDarkMode_variation_14,2858,PASSED
SEL-0015,WebE2ETest,Profile_UpdateAvatar_variation_15,2073,PASSED
SEL-0016,WebE2ETest,Login_InvalidPassword_variation_16,3551,PASSED
SEL-0017,WebE2ETest,Logout_Success_variation_17,1719,PASSED
SEL-0018,WebE2ETest,Login_InvalidPassword_variation_18,3290,PASSED
SEL-0019,WebE2ETest,Search_DonorByBloodGroup_variation_19,1811,PASSED
SEL-0020,WebE2ETest,Logout_Success_variation_20,3978,PASSED
SEL-0021,WebE2ETest,Profile_UpdateAvatar_variation_21,2836,PASSED
SEL-0022,WebE2ETest,Login_ValidUser_variation_22,4097,PASSED
SEL-0023,WebE2ETest,Request_SubmitEmergency_variation_23,3345,PASSED
SEL-0024,WebE2ETest,Notifications_ClearAll_variation_24,2434,PASSED
SEL-0025,WebE2ETest,Logout_Success_variation_25,3765,PASSED
SEL-0026,WebE2ETest,Profile_UpdateAvatar_variation_26,3268,PASSED
SEL-0027,WebE2ETest,Dashboard_LoadData_variation_27,4284,PASSED
SEL-0028,WebE2ETest,Profile_UpdateAvatar_variation_28,1851,PASSED
SEL-0029,WebE2ETest,Request_SubmitEmergency_variation_29,2509,PASSED
SEL-0030,WebE2ETest,Login_InvalidPassword_variation_30,1836,PASSED
SEL-0031,WebE2ETest,Request_SubmitEmergency_variation_31,2131,PASSED
SEL-0032,WebE2ETest,Profile_UpdateAvatar_variation_32,4415,PASSED
SEL-0033,WebE2ETest,Dashboard_LoadData_variation_33,3095,PASSED
SEL-0034,WebE2ETest,Logout_Success_variation_34,2977,PASSED
SEL-0035,WebE2ETest,Login_InvalidPassword_variation_35,1874,PASSED
SEL-0036,WebE2ETest,Login_ValidUser_variation_36,2762,PASSED
SEL-0037,WebE2ETest,Notifications_ClearAll_variation_37,2974,PASSED
SEL-0038,WebE2ETest,Request_SubmitEmergency_variation_38,1918,PASSED
SEL-0039,WebE2ETest,Dashboard_LoadData_variation_39,1857,PASSED
SEL-0040,WebE2ETest,Dashboard_LoadData_variation_40,3265,PASSED
SEL-0041,WebE2ETest,Notifications_ClearAll_variation_41,3781,PASSED
SEL-0042,WebE2ETest,Settings_ToggleDarkMode_variation_42,3598,PASSED
SEL-0043,WebE2ETest,Profile_UpdateAvatar_variation_43,1923,PASSED
SEL-0044,WebE2ETest,Login_ValidUser_variation_44,1867,PASSED
SEL-0045,WebE2ETest,Logout_Success_variation_45,3770,PASSED
SEL-0046,WebE2ETest,Login_InvalidPassword_variation_46,3945,PASSED
SEL-0047,WebE2ETest,Logout_Success_variation_47,3077,PASSED
SEL-0048,WebE2ETest,Login_ValidUser_variation_48,2695,PASSED
SEL-0049,WebE2ETest,Profile_UpdateAvatar_variation_49,3088,PASSED
SEL-0050,WebE2ETest,Login_InvalidPassword_variation_50,4468,PASSED
SEL-0051,WebE2ETest,Settings_ToggleDarkMode_variation_51,2494,PASSED
SEL-0052,WebE2ETest,Settings_ToggleDarkMode_variation_52,2194,PASSED
SEL-0053,WebE2ETest,Profile_UpdateAvatar_variation_53,2194,PASSED
SEL-0054,WebE2ETest,Dashboard_LoadData_variation_54,2601,PASSED
SEL-0055,WebE2ETest,Request_SubmitEmergency_variation_55,2599,PASSED
SEL-0056,WebE2ETest,Notifications_ClearAll_variation_56,2097,PASSED
SEL-0057,WebE2ETest,Login_InvalidPassword_variation_57,2184,PASSED
SEL-0058,WebE2ETest,Profile_UpdateAvatar_variation_58,2630,PASSED
SEL-0059,WebE2ETest,Profile_UpdateAvatar_variation_59,2727,PASSED
SEL-0060,WebE2ETest,Notifications_ClearAll_variation_60,1815,PASSED
SEL-0061,WebE2ETest,Logout_Success_variation_61,2530,PASSED
SEL-0062,WebE2ETest,Search_DonorByBloodGroup_variation_62,4452,PASSED
SEL-0063,WebE2ETest,Notifications_ClearAll_variation_63,3932,PASSED
SEL-0064,WebE2ETest,Search_DonorByBloodGroup_variation_64,3375,PASSED
SEL-0065,WebE2ETest,Login_InvalidPassword_variation_65,2054,PASSED
SEL-0066,WebE2ETest,Request_SubmitEmergency_variation_66,1527,PASSED
SEL-0067,WebE2ETest,Profile_UpdateAvatar_variation_67,2860,PASSED
SEL-0068,WebE2ETest,Profile_UpdateAvatar_variation_68,2849,PASSED
SEL-0069,WebE2ETest,Notifications_ClearAll_variation_69,2871,PASSED
SEL-0070,WebE2ETest,Profile_UpdateAvatar_variation_70,4166,PASSED
SEL-0071,WebE2ETest,Dashboard_LoadData_variation_71,2730,PASSED
SEL-0072,WebE2ETest,Logout_Success_variation_72,3970,PASSED
SEL-0073,WebE2ETest,Search_DonorByBloodGroup_variation_73,3462,PASSED
SEL-0074,WebE2ETest,Logout_Success_variation_74,2227,PASSED
SEL-0075,WebE2ETest,Profile_UpdateAvatar_variation_75,2807,PASSED
SEL-0076,WebE2ETest,Request_SubmitEmergency_variation_76,4346,PASSED
SEL-0077,WebE2ETest,Notifications_ClearAll_variation_77,3858,PASSED
SEL-0078,WebE2ETest,Search_DonorByBloodGroup_variation_78,2834,PASSED
SEL-0079,WebE2ETest,Profile_UpdateAvatar_variation_79,2648,PASSED
SEL-0080,WebE2ETest,Profile_UpdateAvatar_variation_80,2995,PASSED
SEL-0081,WebE2ETest,Login_InvalidPassword_variation_81,3809,PASSED
SEL-0082,WebE2ETest,Search_DonorByBloodGroup_variation_82,3925,PASSED
SEL-0083,WebE2ETest,Settings_ToggleDarkMode_variation_83,2236,PASSED
SEL-0084,WebE2ETest,Settings_ToggleDarkMode_variation_84,1610,PASSED
SEL-0085,WebE2ETest,Notifications_ClearAll_variation_85,4401,PASSED
SEL-0086,WebE2ETest,Search_DonorByBloodGroup_variation_86,3295,PASSED
SEL-0087,WebE2ETest,Request_SubmitEmergency_variation_87,4337,PASSED
SEL-0088,WebE2ETest,Login_InvalidPassword_variation_88,3175,PASSED
SEL-0089,WebE2ETest,Notifications_ClearAll_variation_89,2070,PASSED
SEL-0090,WebE2ETest,Request_SubmitEmergency_variation_90,2491,PASSED
SEL-0091,WebE2ETest,Request_SubmitEmergency_variation_91,4197,PASSED
SEL-0092,WebE2ETest,Dashboard_LoadData_variation_92,4429,PASSED
SEL-0093,WebE2ETest,Profile_UpdateAvatar_variation_93,3044,PASSED
SEL-0094,WebE2ETest,Login_InvalidPassword_variation_94,3339,PASSED
SEL-0095,WebE2ETest,Notifications_ClearAll_variation_95,3884,PASSED
SEL-0096,WebE2ETest,Profile_UpdateAvatar_variation_96,3688,PASSED
SEL-0097,WebE2ETest,Settings_ToggleDarkMode_variation_97,4333,PASSED
SEL-0098,WebE2ETest,Profile_UpdateAvatar_variation_98,3726,PASSED
SEL-0099,WebE2ETest,Login_ValidUser_variation_99,2972,PASSED
SEL-0100,WebE2ETest,Settings_ToggleDarkMode_variation_100,3932,PASSED
SEL-0101,WebE2ETest,Login_InvalidPassword_variation_101,1947,PASSED
SEL-0102,WebE2ETest,Search_DonorByBloodGroup_variation_102,4193,PASSED
SEL-0103,WebE2ETest,Logout_Success_variation_103,2181,PASSED
SEL-0104,WebE2ETest,Login_ValidUser_variation_104,3806,PASSED
SEL-0105,WebE2ETest,Profile_UpdateAvatar_variation_105,2858,PASSED
SEL-0106,WebE2ETest,Profile_UpdateAvatar_variation_106,1933,PASSED
SEL-0107,WebE2ETest,Login_ValidUser_variation_107,1903,PASSED
SEL-0108,WebE2ETest,Request_SubmitEmergency_variation_108,2409,PASSED
SEL-0109,WebE2ETest,Settings_ToggleDarkMode_variation_109,3624,PASSED
SEL-0110,WebE2ETest,Settings_ToggleDarkMode_variation_110,3877,PASSED
SEL-0111,WebE2ETest,Search_DonorByBloodGroup_variation_111,3325,PASSED
SEL-0112,WebE2ETest,Logout_Success_variation_112,3102,PASSED
SEL-0113,WebE2ETest,Notifications_ClearAll_variation_113,4283,PASSED
SEL-0114,WebE2ETest,Settings_ToggleDarkMode_variation_114,2117,PASSED
SEL-0115,WebE2ETest,Logout_Success_variation_115,1600,PASSED
SEL-0116,WebE2ETest,Notifications_ClearAll_variation_116,1928,PASSED
SEL-0117,WebE2ETest,Request_SubmitEmergency_variation_117,3203,PASSED
SEL-0118,WebE2ETest,Login_InvalidPassword_variation_118,1975,PASSED
SEL-0119,WebE2ETest,Dashboard_LoadData_variation_119,2926,PASSED
SEL-0120,WebE2ETest,Request_SubmitEmergency_variation_120,2905,PASSED
SEL-0121,WebE2ETest,Notifications_ClearAll_variation_121,2347,PASSED
SEL-0122,WebE2ETest,Settings_ToggleDarkMode_variation_122,3478,PASSED
SEL-0123,WebE2ETest,Logout_Success_variation_123,3450,PASSED
SEL-0124,WebE2ETest,Login_InvalidPassword_variation_124,3294,PASSED
SEL-0125,WebE2ETest,Notifications_ClearAll_variation_125,2806,PASSED
SEL-0126,WebE2ETest,Login_InvalidPassword_variation_126,2729,PASSED
SEL-0127,WebE2ETest,Login_ValidUser_variation_127,4411,PASSED
SEL-0128,WebE2ETest,Login_InvalidPassword_variation_128,1592,PASSED
SEL-0129,WebE2ETest,Logout_Success_variation_129,4154,PASSED
SEL-0130,WebE2ETest,Login_InvalidPassword_variation_130,4273,PASSED
SEL-0131,WebE2ETest,Dashboard_LoadData_variation_131,2499,PASSED
SEL-0132,WebE2ETest,Settings_ToggleDarkMode_variation_132,2214,PASSED
SEL-0133,WebE2ETest,Settings_ToggleDarkMode_variation_133,2155,PASSED
SEL-0134,WebE2ETest,Logout_Success_variation_134,3793,PASSED
SEL-0135,WebE2ETest,Profile_UpdateAvatar_variation_135,3392,PASSED
SEL-0136,WebE2ETest,Search_DonorByBloodGroup_variation_136,3159,PASSED
SEL-0137,WebE2ETest,Dashboard_LoadData_variation_137,2263,PASSED
SEL-0138,WebE2ETest,Profile_UpdateAvatar_variation_138,3120,PASSED
SEL-0139,WebE2ETest,Login_ValidUser_variation_139,4015,PASSED
SEL-0140,WebE2ETest,Search_DonorByBloodGroup_variation_140,3341,PASSED
SEL-0141,WebE2ETest,Profile_UpdateAvatar_variation_141,3092,PASSED
SEL-0142,WebE2ETest,Login_ValidUser_variation_142,4386,PASSED
SEL-0143,WebE2ETest,Search_DonorByBloodGroup_variation_143,2342,PASSED
SEL-0144,WebE2ETest,Request_SubmitEmergency_variation_144,4382,PASSED
SEL-0145,WebE2ETest,Login_InvalidPassword_variation_145,3864,PASSED
SEL-0146,WebE2ETest,Login_InvalidPassword_variation_146,3699,PASSED
SEL-0147,WebE2ETest,Dashboard_LoadData_variation_147,2998,PASSED
SEL-0148,WebE2ETest,Logout_Success_variation_148,2307,PASSED
SEL-0149,WebE2ETest,Notifications_ClearAll_variation_149,1966,PASSED
SEL-0150,WebE2ETest,Request_SubmitEmergency_variation_150,4247,PASSED
SEL-0151,WebE2ETest,Notifications_ClearAll_variation_151,3661,PASSED
SEL-0152,WebE2ETest,Logout_Success_variation_152,3945,PASSED
SEL-0153,WebE2ETest,Profile_UpdateAvatar_variation_153,4003,PASSED
SEL-0154,WebE2ETest,Profile_UpdateAvatar_variation_154,3904,PASSED
SEL-0155,WebE2ETest,Login_InvalidPassword_variation_155,2925,PASSED
SEL-0156,WebE2ETest,Logout_Success_variation_156,3375,PASSED
SEL-0157,WebE2ETest,Dashboard_LoadData_variation_157,4259,PASSED
SEL-0158,WebE2ETest,Request_SubmitEmergency_variation_158,4016,PASSED
SEL-0159,WebE2ETest,Login_InvalidPassword_variation_159,4252,PASSED
SEL-0160,WebE2ETest,Dashboard_LoadData_variation_160,2782,PASSED
SEL-0161,WebE2ETest,Login_InvalidPassword_variation_161,2477,PASSED
SEL-0162,WebE2ETest,Request_SubmitEmergency_variation_162,1979,PASSED
SEL-0163,WebE2ETest,Dashboard_LoadData_variation_163,3029,PASSED
SEL-0164,WebE2ETest,Dashboard_LoadData_variation_164,3592,PASSED
SEL-0165,WebE2ETest,Profile_UpdateAvatar_variation_165,3213,PASSED
SEL-0166,WebE2ETest,Dashboard_LoadData_variation_166,3854,PASSED
SEL-0167,WebE2ETest,Profile_UpdateAvatar_variation_167,3232,PASSED
SEL-0168,WebE2ETest,Dashboard_LoadData_variation_168,3493,PASSED
SEL-0169,WebE2ETest,Settings_ToggleDarkMode_variation_169,4340,PASSED
SEL-0170,WebE2ETest,Dashboard_LoadData_variation_170,3772,PASSED
SEL-0171,WebE2ETest,Dashboard_LoadData_variation_171,3505,PASSED
SEL-0172,WebE2ETest,Request_SubmitEmergency_variation_172,2074,PASSED
SEL-0173,WebE2ETest,Dashboard_LoadData_variation_173,2788,PASSED
SEL-0174,WebE2ETest,Notifications_ClearAll_variation_174,4037,PASSED
SEL-0175,WebE2ETest,Login_ValidUser_variation_175,2970,PASSED
SEL-0176,WebE2ETest,Login_ValidUser_variation_176,3484,PASSED
SEL-0177,WebE2ETest,Dashboard_LoadData_variation_177,2299,PASSED
SEL-0178,WebE2ETest,Profile_UpdateAvatar_variation_178,3800,PASSED
SEL-0179,WebE2ETest,Settings_ToggleDarkMode_variation_179,4174,PASSED
SEL-0180,WebE2ETest,Notifications_ClearAll_variation_180,3175,PASSED
SEL-0181,WebE2ETest,Notifications_ClearAll_variation_181,3202,PASSED
SEL-0182,WebE2ETest,Notifications_ClearAll_variation_182,3501,PASSED
SEL-0183,WebE2ETest,Dashboard_LoadData_variation_183,1838,PASSED
SEL-0184,WebE2ETest,Login_ValidUser_variation_184,2403,PASSED
SEL-0185,WebE2ETest,Request_SubmitEmergency_variation_185,1633,PASSED
SEL-0186,WebE2ETest,Request_SubmitEmergency_variation_186,2420,PASSED
SEL-0187,WebE2ETest,Settings_ToggleDarkMode_variation_187,2682,PASSED
SEL-0188,WebE2ETest,Dashboard_LoadData_variation_188,3373,PASSED
SEL-0189,WebE2ETest,Notifications_ClearAll_variation_189,3751,PASSED
SEL-0190,WebE2ETest,Settings_ToggleDarkMode_variation_190,1963,PASSED
SEL-0191,WebE2ETest,Login_InvalidPassword_variation_191,2597,PASSED
SEL-0192,WebE2ETest,Settings_ToggleDarkMode_variation_192,3002,PASSED
SEL-0193,WebE2ETest,Settings_ToggleDarkMode_variation_193,1670,PASSED
SEL-0194,WebE2ETest,Notifications_ClearAll_variation_194,3737,PASSED
SEL-0195,WebE2ETest,Search_DonorByBloodGroup_variation_195,3241,PASSED
SEL-0196,WebE2ETest,Login_InvalidPassword_variation_196,4177,PASSED
SEL-0197,WebE2ETest,Search_DonorByBloodGroup_variation_197,2719,PASSED
SEL-0198,WebE2ETest,Login_ValidUser_variation_198,3342,PASSED
SEL-0199,WebE2ETest,Request_SubmitEmergency_variation_199,2927,PASSED
SEL-0200,WebE2ETest,Login_InvalidPassword_variation_200,3298,PASSED
SEL-0201,WebE2ETest,Login_InvalidPassword_variation_201,2470,PASSED
SEL-0202,WebE2ETest,Search_DonorByBloodGroup_variation_202,3908,PASSED
SEL-0203,WebE2ETest,Logout_Success_variation_203,4411,PASSED
SEL-0204,WebE2ETest,Profile_UpdateAvatar_variation_204,2179,PASSED
SEL-0205,WebE2ETest,Dashboard_LoadData_variation_205,2346,PASSED
SEL-0206,WebE2ETest,Search_DonorByBloodGroup_variation_206,1743,PASSED
SEL-0207,WebE2ETest,Logout_Success_variation_207,3680,PASSED
SEL-0208,WebE2ETest,Request_SubmitEmergency_variation_208,3944,PASSED
SEL-0209,WebE2ETest,Settings_ToggleDarkMode_variation_209,2189,PASSED
SEL-0210,WebE2ETest,Logout_Success_variation_210,4383,PASSED
SEL-0211,WebE2ETest,Request_SubmitEmergency_variation_211,2685,PASSED
SEL-0212,WebE2ETest,Request_SubmitEmergency_variation_212,3607,PASSED
SEL-0213,WebE2ETest,Login_InvalidPassword_variation_213,2055,PASSED
SEL-0214,WebE2ETest,Profile_UpdateAvatar_variation_214,1742,PASSED
SEL-0215,WebE2ETest,Request_SubmitEmergency_variation_215,4186,PASSED
SEL-0216,WebE2ETest,Dashboard_LoadData_variation_216,4373,PASSED
SEL-0217,WebE2ETest,Dashboard_LoadData_variation_217,2522,PASSED
SEL-0218,WebE2ETest,Dashboard_LoadData_variation_218,4413,PASSED
SEL-0219,WebE2ETest,Logout_Success_variation_219,2513,PASSED
SEL-0220,WebE2ETest,Profile_UpdateAvatar_variation_220,3504,PASSED
SEL-0221,WebE2ETest,Dashboard_LoadData_variation_221,3865,PASSED
SEL-0222,WebE2ETest,Request_SubmitEmergency_variation_222,4071,PASSED
SEL-0223,WebE2ETest,Profile_UpdateAvatar_variation_223,3036,PASSED
SEL-0224,WebE2ETest,Notifications_ClearAll_variation_224,1809,PASSED
SEL-0225,WebE2ETest,Login_InvalidPassword_variation_225,3150,PASSED
SEL-0226,WebE2ETest,Settings_ToggleDarkMode_variation_226,2639,PASSED
SEL-0227,WebE2ETest,Logout_Success_variation_227,3362,PASSED
SEL-0228,WebE2ETest,Notifications_ClearAll_variation_228,2840,PASSED
SEL-0229,WebE2ETest,Login_ValidUser_variation_229,1881,PASSED
SEL-0230,WebE2ETest,Notifications_ClearAll_variation_230,4100,PASSED
SEL-0231,WebE2ETest,Logout_Success_variation_231,1759,PASSED
SEL-0232,WebE2ETest,Settings_ToggleDarkMode_variation_232,3129,PASSED
SEL-0233,WebE2ETest,Search_DonorByBloodGroup_variation_233,3259,PASSED
SEL-0234,WebE2ETest,Search_DonorByBloodGroup_variation_234,3526,PASSED
SEL-0235,WebE2ETest,Request_SubmitEmergency_variation_235,2822,PASSED
SEL-0236,WebE2ETest,Request_SubmitEmergency_variation_236,2883,PASSED
SEL-0237,WebE2ETest,Settings_ToggleDarkMode_variation_237,3867,PASSED
SEL-0238,WebE2ETest,Dashboard_LoadData_variation_238,3818,PASSED
SEL-0239,WebE2ETest,Notifications_ClearAll_variation_239,2907,PASSED
SEL-0240,WebE2ETest,Login_ValidUser_variation_240,1688,PASSED
SEL-0241,WebE2ETest,Login_InvalidPassword_variation_241,4064,PASSED
SEL-0242,WebE2ETest,Notifications_ClearAll_variation_242,1566,PASSED
SEL-0243,WebE2ETest,Login_InvalidPassword_variation_243,2147,PASSED
SEL-0244,WebE2ETest,Notifications_ClearAll_variation_244,3369,PASSED
SEL-0245,WebE2ETest,Login_ValidUser_variation_245,3252,PASSED
SEL-0246,WebE2ETest,Search_DonorByBloodGroup_variation_246,4320,PASSED
SEL-0247,WebE2ETest,Dashboard_LoadData_variation_247,4162,PASSED
SEL-0248,WebE2ETest,Request_SubmitEmergency_variation_248,2151,PASSED
SEL-0249,WebE2ETest,Request_SubmitEmergency_variation_249,1882,PASSED
SEL-0250,WebE2ETest,Logout_Success_variation_250,2525,PASSED
SEL-0251,WebE2ETest,Login_InvalidPassword_variation_251,3023,PASSED
SEL-0252,WebE2ETest,Dashboard_LoadData_variation_252,1712,PASSED
SEL-0253,WebE2ETest,Profile_UpdateAvatar_variation_253,4062,PASSED
SEL-0254,WebE2ETest,Request_SubmitEmergency_variation_254,4473,PASSED
SEL-0255,WebE2ETest,Search_DonorByBloodGroup_variation_255,3258,PASSED
SEL-0256,WebE2ETest,Login_InvalidPassword_variation_256,4382,PASSED
SEL-0257,WebE2ETest,Login_InvalidPassword_variation_257,1504,PASSED
SEL-0258,WebE2ETest,Search_DonorByBloodGroup_variation_258,3453,PASSED
SEL-0259,WebE2ETest,Login_InvalidPassword_variation_259,2043,PASSED
SEL-0260,WebE2ETest,Search_DonorByBloodGroup_variation_260,3627,PASSED
SEL-0261,WebE2ETest,Notifications_ClearAll_variation_261,1538,PASSED
SEL-0262,WebE2ETest,Login_ValidUser_variation_262,4349,PASSED
SEL-0263,WebE2ETest,Logout_Success_variation_263,1993,PASSED
SEL-0264,WebE2ETest,Profile_UpdateAvatar_variation_264,4342,PASSED
SEL-0265,WebE2ETest,Dashboard_LoadData_variation_265,3456,PASSED
SEL-0266,WebE2ETest,Login_InvalidPassword_variation_266,2437,PASSED
SEL-0267,WebE2ETest,Profile_UpdateAvatar_variation_267,1865,PASSED
SEL-0268,WebE2ETest,Login_InvalidPassword_variation_268,1922,PASSED
SEL-0269,WebE2ETest,Logout_Success_variation_269,3005,PASSED
SEL-0270,WebE2ETest,Request_SubmitEmergency_variation_270,2061,PASSED
SEL-0271,WebE2ETest,Profile_UpdateAvatar_variation_271,2045,PASSED
SEL-0272,WebE2ETest,Dashboard_LoadData_variation_272,1780,PASSED
SEL-0273,WebE2ETest,Settings_ToggleDarkMode_variation_273,3807,PASSED
SEL-0274,WebE2ETest,Login_ValidUser_variation_274,3999,PASSED
SEL-0275,WebE2ETest,Dashboard_LoadData_variation_275,3302,PASSED
SEL-0276,WebE2ETest,Logout_Success_variation_276,4459,PASSED
SEL-0277,WebE2ETest,Search_DonorByBloodGroup_variation_277,4072,PASSED
SEL-0278,WebE2ETest,Dashboard_LoadData_variation_278,3186,PASSED
SEL-0279,WebE2ETest,Notifications_ClearAll_variation_279,2389,PASSED
SEL-0280,WebE2ETest,Login_InvalidPassword_variation_280,1911,PASSED
SEL-0281,WebE2ETest,Dashboard_LoadData_variation_281,2004,PASSED
SEL-0282,WebE2ETest,Profile_UpdateAvatar_variation_282,2939,PASSED
SEL-0283,WebE2ETest,Profile_UpdateAvatar_variation_283,2788,PASSED
SEL-0284,WebE2ETest,Dashboard_LoadData_variation_284,2514,PASSED
SEL-0285,WebE2ETest,Request_SubmitEmergency_variation_285,4140,PASSED
SEL-0286,WebE2ETest,Login_InvalidPassword_variation_286,2516,PASSED
SEL-0287,WebE2ETest,Settings_ToggleDarkMode_variation_287,3961,PASSED
SEL-0288,WebE2ETest,Request_SubmitEmergency_variation_288,4328,PASSED
SEL-0289,WebE2ETest,Login_ValidUser_variation_289,4196,PASSED
SEL-0290,WebE2ETest,Request_SubmitEmergency_variation_290,2341,PASSED
SEL-0291,WebE2ETest,Settings_ToggleDarkMode_variation_291,3985,PASSED
SEL-0292,WebE2ETest,Settings_ToggleDarkMode_variation_292,2272,PASSED
SEL-0293,WebE2ETest,Profile_UpdateAvatar_variation_293,2710,PASSED
SEL-0294,WebE2ETest,Login_ValidUser_variation_294,2480,PASSED
SEL-0295,WebE2ETest,Notifications_ClearAll_variation_295,3080,PASSED
SEL-0296,WebE2ETest,Login_InvalidPassword_variation_296,2487,PASSED
SEL-0297,WebE2ETest,Notifications_ClearAll_variation_297,4113,PASSED
SEL-0298,WebE2ETest,Login_InvalidPassword_variation_298,3663,PASSED
SEL-0299,WebE2ETest,Login_ValidUser_variation_299,2979,PASSED
SEL-0300,WebE2ETest,Logout_Success_variation_300,2040,PASSED
SEL-0301,WebE2ETest,Profile_UpdateAvatar_variation_301,3828,PASSED
SEL-0302,WebE2ETest,Profile_UpdateAvatar_variation_302,2996,PASSED
SEL-0303,WebE2ETest,Settings_ToggleDarkMode_variation_303,4297,PASSED
SEL-0304,WebE2ETest,Dashboard_LoadData_variation_304,3429,PASSED
SEL-0305,WebE2ETest,Login_InvalidPassword_variation_305,1568,PASSED
SEL-0306,WebE2ETest,Login_InvalidPassword_variation_306,1556,PASSED
SEL-0307,WebE2ETest,Request_SubmitEmergency_variation_307,2383,PASSED
SEL-0308,WebE2ETest,Login_ValidUser_variation_308,1747,PASSED
SEL-0309,WebE2ETest,Profile_UpdateAvatar_variation_309,3575,PASSED
SEL-0310,WebE2ETest,Request_SubmitEmergency_variation_310,4074,PASSED
SEL-0311,WebE2ETest,Settings_ToggleDarkMode_variation_311,3201,PASSED
SEL-0312,WebE2ETest,Profile_UpdateAvatar_variation_312,4374,PASSED
SEL-0313,WebE2ETest,Profile_UpdateAvatar_variation_313,1837,PASSED
SEL-0314,WebE2ETest,Settings_ToggleDarkMode_variation_314,3702,PASSED
SEL-0315,WebE2ETest,Dashboard_LoadData_variation_315,2636,PASSED
SEL-0316,WebE2ETest,Login_InvalidPassword_variation_316,2769,PASSED
SEL-0317,WebE2ETest,Login_InvalidPassword_variation_317,3594,PASSED
SEL-0318,WebE2ETest,Search_DonorByBloodGroup_variation_318,2136,PASSED
SEL-0319,WebE2ETest,Settings_ToggleDarkMode_variation_319,2838,PASSED
SEL-0320,WebE2ETest,Profile_UpdateAvatar_variation_320,3902,PASSED
SEL-0321,WebE2ETest,Login_InvalidPassword_variation_321,2770,PASSED
SEL-0322,WebE2ETest,Profile_UpdateAvatar_variation_322,4489,PASSED
SEL-0323,WebE2ETest,Search_DonorByBloodGroup_variation_323,1737,PASSED
SEL-0324,WebE2ETest,Search_DonorByBloodGroup_variation_324,1853,PASSED
SEL-0325,WebE2ETest,Profile_UpdateAvatar_variation_325,1975,PASSED
SEL-0326,WebE2ETest,Notifications_ClearAll_variation_326,4007,PASSED
SEL-0327,WebE2ETest,Login_ValidUser_variation_327,2766,PASSED
SEL-0328,WebE2ETest,Dashboard_LoadData_variation_328,1989,PASSED
SEL-0329,WebE2ETest,Login_ValidUser_variation_329,4399,PASSED
SEL-0330,WebE2ETest,Dashboard_LoadData_variation_330,4373,PASSED
SEL-0331,WebE2ETest,Login_ValidUser_variation_331,2171,PASSED
SEL-0332,WebE2ETest,Notifications_ClearAll_variation_332,2920,PASSED
SEL-0333,WebE2ETest,Settings_ToggleDarkMode_variation_333,3618,PASSED
SEL-0334,WebE2ETest,Request_SubmitEmergency_variation_334,2183,PASSED
SEL-0335,WebE2ETest,Logout_Success_variation_335,2019,PASSED
SEL-0336,WebE2ETest,Request_SubmitEmergency_variation_336,1983,PASSED
SEL-0337,WebE2ETest,Login_ValidUser_variation_337,2872,PASSED
SEL-0338,WebE2ETest,Profile_UpdateAvatar_variation_338,2614,PASSED
SEL-0339,WebE2ETest,Settings_ToggleDarkMode_variation_339,1761,PASSED
SEL-0340,WebE2ETest,Request_SubmitEmergency_variation_340,4417,PASSED
SEL-0341,WebE2ETest,Login_InvalidPassword_variation_341,3532,PASSED
SEL-0342,WebE2ETest,Notifications_ClearAll_variation_342,3592,PASSED
SEL-0343,WebE2ETest,Logout_Success_variation_343,1727,PASSED
SEL-0344,WebE2ETest,Notifications_ClearAll_variation_344,3821,PASSED
SEL-0345,WebE2ETest,Dashboard_LoadData_variation_345,3006,PASSED
SEL-0346,WebE2ETest,Dashboard_LoadData_variation_346,2544,PASSED
SEL-0347,WebE2ETest,Login_InvalidPassword_variation_347,3850,PASSED
SEL-0348,WebE2ETest,Login_InvalidPassword_variation_348,2435,PASSED
SEL-0349,WebE2ETest,Settings_ToggleDarkMode_variation_349,1510,PASSED
SEL-0350,WebE2ETest,Login_ValidUser_variation_350,1550,PASSED
SEL-0351,WebE2ETest,Search_DonorByBloodGroup_variation_351,1688,PASSED
SEL-0352,WebE2ETest,Notifications_ClearAll_variation_352,2990,PASSED
SEL-0353,WebE2ETest,Profile_UpdateAvatar_variation_353,2114,PASSED
SEL-0354,WebE2ETest,Dashboard_LoadData_variation_354,1644,PASSED
SEL-0355,WebE2ETest,Settings_ToggleDarkMode_variation_355,4424,PASSED
SEL-0356,WebE2ETest,Profile_UpdateAvatar_variation_356,2419,PASSED
SEL-0357,WebE2ETest,Logout_Success_variation_357,2516,PASSED
SEL-0358,WebE2ETest,Profile_UpdateAvatar_variation_358,4450,PASSED
SEL-0359,WebE2ETest,Logout_Success_variation_359,2611,PASSED
SEL-0360,WebE2ETest,Login_InvalidPassword_variation_360,3841,PASSED
SEL-0361,WebE2ETest,Logout_Success_variation_361,1989,PASSED
SEL-0362,WebE2ETest,Settings_ToggleDarkMode_variation_362,4257,PASSED
SEL-0363,WebE2ETest,Login_ValidUser_variation_363,2234,PASSED
SEL-0364,WebE2ETest,Search_DonorByBloodGroup_variation_364,3612,PASSED
SEL-0365,WebE2ETest,Login_ValidUser_variation_365,3142,PASSED
SEL-0366,WebE2ETest,Login_InvalidPassword_variation_366,3405,PASSED
SEL-0367,WebE2ETest,Request_SubmitEmergency_variation_367,2772,PASSED
SEL-0368,WebE2ETest,Logout_Success_variation_368,1853,PASSED
SEL-0369,WebE2ETest,Settings_ToggleDarkMode_variation_369,3370,PASSED
SEL-0370,WebE2ETest,Login_ValidUser_variation_370,3011,PASSED
SEL-0371,WebE2ETest,Search_DonorByBloodGroup_variation_371,2694,PASSED
SEL-0372,WebE2ETest,Request_SubmitEmergency_variation_372,4050,PASSED
SEL-0373,WebE2ETest,Search_DonorByBloodGroup_variation_373,3400,PASSED
SEL-0374,WebE2ETest,Logout_Success_variation_374,3923,PASSED
SEL-0375,WebE2ETest,Notifications_ClearAll_variation_375,2300,PASSED
SEL-0376,WebE2ETest,Settings_ToggleDarkMode_variation_376,2504,PASSED
SEL-0377,WebE2ETest,Dashboard_LoadData_variation_377,1526,PASSED
SEL-0378,WebE2ETest,Profile_UpdateAvatar_variation_378,1597,PASSED
SEL-0379,WebE2ETest,Search_DonorByBloodGroup_variation_379,3718,PASSED
SEL-0380,WebE2ETest,Logout_Success_variation_380,4104,PASSED
SEL-0381,WebE2ETest,Login_ValidUser_variation_381,2872,PASSED
SEL-0382,WebE2ETest,Login_ValidUser_variation_382,4192,PASSED
SEL-0383,WebE2ETest,Profile_UpdateAvatar_variation_383,4478,PASSED
SEL-0384,WebE2ETest,Request_SubmitEmergency_variation_384,1925,PASSED
SEL-0385,WebE2ETest,Search_DonorByBloodGroup_variation_385,3670,PASSED
SEL-0386,WebE2ETest,Search_DonorByBloodGroup_variation_386,3219,PASSED
SEL-0387,WebE2ETest,Notifications_ClearAll_variation_387,1745,PASSED
SEL-0388,WebE2ETest,Dashboard_LoadData_variation_388,4414,PASSED
SEL-0389,WebE2ETest,Request_SubmitEmergency_variation_389,1881,PASSED
SEL-0390,WebE2ETest,Login_ValidUser_variation_390,2448,PASSED
SEL-0391,WebE2ETest,Settings_ToggleDarkMode_variation_391,3191,PASSED
SEL-0392,WebE2ETest,Logout_Success_variation_392,3377,PASSED
SEL-0393,WebE2ETest,Login_InvalidPassword_variation_393,3878,PASSED
SEL-0394,WebE2ETest,Login_InvalidPassword_variation_394,3570,PASSED
SEL-0395,WebE2ETest,Dashboard_LoadData_variation_395,4110,PASSED
SEL-0396,WebE2ETest,Profile_UpdateAvatar_variation_396,1806,PASSED
SEL-0397,WebE2ETest,Login_ValidUser_variation_397,3281,PASSED
SEL-0398,WebE2ETest,Dashboard_LoadData_variation_398,2469,PASSED
SEL-0399,WebE2ETest,Request_SubmitEmergency_variation_399,2569,PASSED
SEL-0400,WebE2ETest,Logout_Success_variation_400,3109,PASSED
SEL-0401,WebE2ETest,Logout_Success_variation_401,2802,PASSED
SEL-0402,WebE2ETest,Notifications_ClearAll_variation_402,2613,PASSED
SEL-0403,WebE2ETest,Search_DonorByBloodGroup_variation_403,1805,PASSED
SEL-0404,WebE2ETest,Search_DonorByBloodGroup_variation_404,2057,PASSED
SEL-0405,WebE2ETest,Login_InvalidPassword_variation_405,2136,PASSED
SEL-0406,WebE2ETest,Login_InvalidPassword_variation_406,2173,PASSED
SEL-0407,WebE2ETest,Notifications_ClearAll_variation_407,3408,PASSED
SEL-0408,WebE2ETest,Logout_Success_variation_408,3165,PASSED
SEL-0409,WebE2ETest,Login_InvalidPassword_variation_409,3695,PASSED
SEL-0410,WebE2ETest,Logout_Success_variation_410,2350,PASSED
SEL-0411,WebE2ETest,Notifications_ClearAll_variation_411,2762,PASSED
SEL-0412,WebE2ETest,Notifications_ClearAll_variation_412,2585,PASSED
SEL-0413,WebE2ETest,Login_InvalidPassword_variation_413,1870,PASSED
SEL-0414,WebE2ETest,Dashboard_LoadData_variation_414,4310,PASSED
SEL-0415,WebE2ETest,Request_SubmitEmergency_variation_415,4386,PASSED
SEL-0416,WebE2ETest,Login_ValidUser_variation_416,2380,PASSED
SEL-0417,WebE2ETest,Logout_Success_variation_417,2107,PASSED
SEL-0418,WebE2ETest,Login_InvalidPassword_variation_418,4412,PASSED
SEL-0419,WebE2ETest,Search_DonorByBloodGroup_variation_419,2957,PASSED
SEL-0420,WebE2ETest,Profile_UpdateAvatar_variation_420,3603,PASSED
SEL-0421,WebE2ETest,Login_ValidUser_variation_421,4273,PASSED
SEL-0422,WebE2ETest,Request_SubmitEmergency_variation_422,2565,PASSED
SEL-0423,WebE2ETest,Dashboard_LoadData_variation_423,1627,PASSED
SEL-0424,WebE2ETest,Profile_UpdateAvatar_variation_424,3352,PASSED
SEL-0425,WebE2ETest,Settings_ToggleDarkMode_variation_425,3753,PASSED
SEL-0426,WebE2ETest,Search_DonorByBloodGroup_variation_426,1887,PASSED
SEL-0427,WebE2ETest,Notifications_ClearAll_variation_427,1917,PASSED
SEL-0428,WebE2ETest,Dashboard_LoadData_variation_428,1997,PASSED
SEL-0429,WebE2ETest,Login_ValidUser_variation_429,1752,PASSED
SEL-0430,WebE2ETest,Search_DonorByBloodGroup_variation_430,2035,PASSED
SEL-0431,WebE2ETest,Search_DonorByBloodGroup_variation_431,3140,PASSED
SEL-0432,WebE2ETest,Logout_Success_variation_432,4311,PASSED
SEL-0433,WebE2ETest,Login_InvalidPassword_variation_433,3885,PASSED
SEL-0434,WebE2ETest,Request_SubmitEmergency_variation_434,1807,PASSED
SEL-0435,WebE2ETest,Login_ValidUser_variation_435,1764,PASSED
SEL-0436,WebE2ETest,Search_DonorByBloodGroup_variation_436,4145,PASSED
SEL-0437,WebE2ETest,Notifications_ClearAll_variation_437,2027,PASSED
SEL-0438,WebE2ETest,Login_InvalidPassword_variation_438,2858,PASSED
SEL-0439,WebE2ETest,Login_InvalidPassword_variation_439,1674,PASSED
SEL-0440,WebE2ETest,Notifications_ClearAll_variation_440,1707,PASSED
SEL-0441,WebE2ETest,Dashboard_LoadData_variation_441,3850,PASSED
SEL-0442,WebE2ETest,Profile_UpdateAvatar_variation_442,4467,PASSED
SEL-0443,WebE2ETest,Profile_UpdateAvatar_variation_443,3532,PASSED
SEL-0444,WebE2ETest,Login_ValidUser_variation_444,3067,PASSED
SEL-0445,WebE2ETest,Profile_UpdateAvatar_variation_445,2207,PASSED
SEL-0446,WebE2ETest,Logout_Success_variation_446,2379,PASSED
SEL-0447,WebE2ETest,Dashboard_LoadData_variation_447,2626,PASSED
SEL-0448,WebE2ETest,Request_SubmitEmergency_variation_448,3326,PASSED
SEL-0449,WebE2ETest,Dashboard_LoadData_variation_449,1641,PASSED
SEL-0450,WebE2ETest,Search_DonorByBloodGroup_variation_450,4151,PASSED
SEL-0451,WebE2ETest,Request_SubmitEmergency_variation_451,3543,PASSED
SEL-0452,WebE2ETest,Profile_UpdateAvatar_variation_452,3755,PASSED
SEL-0453,WebE2ETest,Notifications_ClearAll_variation_453,1749,PASSED
SEL-0454,WebE2ETest,Login_InvalidPassword_variation_454,2645,PASSED
SEL-0455,WebE2ETest,Profile_UpdateAvatar_variation_455,2062,PASSED
SEL-0456,WebE2ETest,Profile_UpdateAvatar_variation_456,2316,PASSED
SEL-0457,WebE2ETest,Settings_ToggleDarkMode_variation_457,2520,PASSED
SEL-0458,WebE2ETest,Settings_ToggleDarkMode_variation_458,1579,PASSED
SEL-0459,WebE2ETest,Profile_UpdateAvatar_variation_459,4421,PASSED
SEL-0460,WebE2ETest,Logout_Success_variation_460,3464,PASSED
SEL-0461,WebE2ETest,Settings_ToggleDarkMode_variation_461,3485,PASSED
SEL-0462,WebE2ETest,Logout_Success_variation_462,3816,PASSED
SEL-0463,WebE2ETest,Settings_ToggleDarkMode_variation_463,2817,PASSED
SEL-0464,WebE2ETest,Profile_UpdateAvatar_variation_464,2607,PASSED
SEL-0465,WebE2ETest,Dashboard_LoadData_variation_465,1606,PASSED
SEL-0466,WebE2ETest,Logout_Success_variation_466,3945,PASSED
SEL-0467,WebE2ETest,Search_DonorByBloodGroup_variation_467,1620,PASSED
SEL-0468,WebE2ETest,Request_SubmitEmergency_variation_468,1739,PASSED
SEL-0469,WebE2ETest,Notifications_ClearAll_variation_469,3668,PASSED
SEL-0470,WebE2ETest,Logout_Success_variation_470,3892,PASSED
SEL-0471,WebE2ETest,Search_DonorByBloodGroup_variation_471,2153,PASSED
SEL-0472,WebE2ETest,Login_InvalidPassword_variation_472,2515,PASSED
SEL-0473,WebE2ETest,Search_DonorByBloodGroup_variation_473,2591,PASSED
SEL-0474,WebE2ETest,Settings_ToggleDarkMode_variation_474,1729,PASSED
SEL-0475,WebE2ETest,Search_DonorByBloodGroup_variation_475,3858,PASSED
SEL-0476,WebE2ETest,Profile_UpdateAvatar_variation_476,2953,PASSED
SEL-0477,WebE2ETest,Dashboard_LoadData_variation_477,2221,PASSED
SEL-0478,WebE2ETest,Search_DonorByBloodGroup_variation_478,3926,PASSED
SEL-0479,WebE2ETest,Logout_Success_variation_479,4357,PASSED
SEL-0480,WebE2ETest,Logout_Success_variation_480,3923,PASSED
SEL-0481,WebE2ETest,Login_ValidUser_variation_481,4381,PASSED
SEL-0482,WebE2ETest,Logout_Success_variation_482,3825,PASSED
SEL-0483,WebE2ETest,Dashboard_LoadData_variation_483,3806,PASSED
SEL-0484,WebE2ETest,Search_DonorByBloodGroup_variation_484,3516,PASSED
SEL-0485,WebE2ETest,Settings_ToggleDarkMode_variation_485,2765,PASSED
SEL-0486,WebE2ETest,Dashboard_LoadData_variation_486,3508,PASSED
SEL-0487,WebE2ETest,Login_ValidUser_variation_487,1869,PASSED
SEL-0488,WebE2ETest,Login_ValidUser_variation_488,2452,PASSED
SEL-0489,WebE2ETest,Search_DonorByBloodGroup_variation_489,1581,PASSED
SEL-0490,WebE2ETest,Settings_ToggleDarkMode_variation_490,3457,PASSED
SEL-0491,WebE2ETest,Login_ValidUser_variation_491,2858,PASSED
SEL-0492,WebE2ETest,Search_DonorByBloodGroup_variation_492,2034,PASSED
SEL-0493,WebE2ETest,Logout_Success_variation_493,4436,PASSED
SEL-0494,WebE2ETest,Dashboard_LoadData_variation_494,2825,PASSED
SEL-0495,WebE2ETest,Login_ValidUser_variation_495,1589,PASSED
SEL-0496,WebE2ETest,Dashboard_LoadData_variation_496,3902,PASSED
SEL-0497,WebE2ETest,Dashboard_LoadData_variation_497,1954,PASSED
SEL-0498,WebE2ETest,Settings_ToggleDarkMode_variation_498,2994,PASSED
SEL-0499,WebE2ETest,Login_InvalidPassword_variation_499,3030,PASSED
SEL-0500,WebE2ETest,Profile_UpdateAvatar_variation_500,3900,PASSED
SEL-0501,WebE2ETest,Login_InvalidPassword_variation_501,2878,PASSED
SEL-0502,WebE2ETest,Request_SubmitEmergency_variation_502,2821,PASSED
SEL-0503,WebE2ETest,Dashboard_LoadData_variation_503,2145,PASSED
SEL-0504,WebE2ETest,Profile_UpdateAvatar_variation_504,4118,PASSED
SEL-0505,WebE2ETest,Notifications_ClearAll_variation_505,4159,PASSED
SEL-0506,WebE2ETest,Logout_Success_variation_506,2213,PASSED
SEL-0507,WebE2ETest,Settings_ToggleDarkMode_variation_507,4340,PASSED
SEL-0508,WebE2ETest,Logout_Success_variation_508,2414,PASSED
SEL-0509,WebE2ETest,Dashboard_LoadData_variation_509,3049,PASSED
SEL-0510,WebE2ETest,Request_SubmitEmergency_variation_510,4320,PASSED
SEL-0511,WebE2ETest,Request_SubmitEmergency_variation_511,2021,PASSED
SEL-0512,WebE2ETest,Dashboard_LoadData_variation_512,4485,PASSED
SEL-0513,WebE2ETest,Login_ValidUser_variation_513,4375,PASSED
SEL-0514,WebE2ETest,Profile_UpdateAvatar_variation_514,3824,PASSED
SEL-0515,WebE2ETest,Login_ValidUser_variation_515,2245,PASSED
SEL-0516,WebE2ETest,Logout_Success_variation_516,4004,PASSED
SEL-0517,WebE2ETest,Search_DonorByBloodGroup_variation_517,4119,PASSED
SEL-0518,WebE2ETest,Login_InvalidPassword_variation_518,3532,PASSED
SEL-0519,WebE2ETest,Dashboard_LoadData_variation_519,2856,PASSED
SEL-0520,WebE2ETest,Login_InvalidPassword_variation_520,2474,PASSED
SEL-0521,WebE2ETest,Logout_Success_variation_521,2808,PASSED
SEL-0522,WebE2ETest,Dashboard_LoadData_variation_522,4105,PASSED
SEL-0523,WebE2ETest,Login_InvalidPassword_variation_523,4403,PASSED
SEL-0524,WebE2ETest,Logout_Success_variation_524,3329,PASSED
SEL-0525,WebE2ETest,Login_ValidUser_variation_525,2586,PASSED
SEL-0526,WebE2ETest,Search_DonorByBloodGroup_variation_526,2522,PASSED
SEL-0527,WebE2ETest,Login_InvalidPassword_variation_527,2935,PASSED
SEL-0528,WebE2ETest,Request_SubmitEmergency_variation_528,1942,PASSED
SEL-0529,WebE2ETest,Login_ValidUser_variation_529,1697,PASSED
SEL-0530,WebE2ETest,Profile_UpdateAvatar_variation_530,3294,PASSED
SEL-0531,WebE2ETest,Profile_UpdateAvatar_variation_531,2181,PASSED
SEL-0532,WebE2ETest,Profile_UpdateAvatar_variation_532,3519,PASSED
SEL-0533,WebE2ETest,Profile_UpdateAvatar_variation_533,2938,PASSED
SEL-0534,WebE2ETest,Settings_ToggleDarkMode_variation_534,3037,PASSED
SEL-0535,WebE2ETest,Login_InvalidPassword_variation_535,3463,PASSED
SEL-0536,WebE2ETest,Search_DonorByBloodGroup_variation_536,2166,PASSED
SEL-0537,WebE2ETest,Notifications_ClearAll_variation_537,1801,PASSED
SEL-0538,WebE2ETest,Login_ValidUser_variation_538,2707,PASSED
SEL-0539,WebE2ETest,Login_ValidUser_variation_539,2805,PASSED
SEL-0540,WebE2ETest,Request_SubmitEmergency_variation_540,1928,PASSED
SEL-0541,WebE2ETest,Login_InvalidPassword_variation_541,2900,PASSED
SEL-0542,WebE2ETest,Dashboard_LoadData_variation_542,3037,PASSED
SEL-0543,WebE2ETest,Dashboard_LoadData_variation_543,4498,PASSED
SEL-0544,WebE2ETest,Login_InvalidPassword_variation_544,3740,PASSED
SEL-0545,WebE2ETest,Login_InvalidPassword_variation_545,2884,PASSED
SEL-0546,WebE2ETest,Notifications_ClearAll_variation_546,4385,PASSED
SEL-0547,WebE2ETest,Login_ValidUser_variation_547,3266,PASSED
SEL-0548,WebE2ETest,Dashboard_LoadData_variation_548,3987,PASSED
SEL-0549,WebE2ETest,Profile_UpdateAvatar_variation_549,2143,PASSED
SEL-0550,WebE2ETest,Login_ValidUser_variation_550,1914,PASSED
SEL-0551,WebE2ETest,Logout_Success_variation_551,2341,PASSED
SEL-0552,WebE2ETest,Search_DonorByBloodGroup_variation_552,3176,PASSED
SEL-0553,WebE2ETest,Settings_ToggleDarkMode_variation_553,4457,PASSED
SEL-0554,WebE2ETest,Settings_ToggleDarkMode_variation_554,2586,PASSED
SEL-0555,WebE2ETest,Request_SubmitEmergency_variation_555,2718,PASSED
SEL-0556,WebE2ETest,Search_DonorByBloodGroup_variation_556,1892,PASSED
SEL-0557,WebE2ETest,Login_ValidUser_variation_557,3109,PASSED
SEL-0558,WebE2ETest,Settings_ToggleDarkMode_variation_558,3510,PASSED
SEL-0559,WebE2ETest,Dashboard_LoadData_variation_559,1723,PASSED
SEL-0560,WebE2ETest,Logout_Success_variation_560,1515,PASSED
SEL-0561,WebE2ETest,Profile_UpdateAvatar_variation_561,1858,PASSED
SEL-0562,WebE2ETest,Request_SubmitEmergency_variation_562,4211,PASSED
SEL-0563,WebE2ETest,Notifications_ClearAll_variation_563,2317,PASSED
SEL-0564,WebE2ETest,Login_InvalidPassword_variation_564,1605,PASSED
SEL-0565,WebE2ETest,Search_DonorByBloodGroup_variation_565,2199,PASSED
SEL-0566,WebE2ETest,Request_SubmitEmergency_variation_566,1835,PASSED
SEL-0567,WebE2ETest,Notifications_ClearAll_variation_567,1973,PASSED
SEL-0568,WebE2ETest,Request_SubmitEmergency_variation_568,3128,PASSED
SEL-0569,WebE2ETest,Notifications_ClearAll_variation_569,3503,PASSED
SEL-0570,WebE2ETest,Request_SubmitEmergency_variation_570,1873,PASSED
SEL-0571,WebE2ETest,Settings_ToggleDarkMode_variation_571,3087,PASSED
SEL-0572,WebE2ETest,Dashboard_LoadData_variation_572,3019,PASSED
SEL-0573,WebE2ETest,Profile_UpdateAvatar_variation_573,3013,PASSED
SEL-0574,WebE2ETest,Dashboard_LoadData_variation_574,3325,PASSED
SEL-0575,WebE2ETest,Login_ValidUser_variation_575,2578,PASSED
SEL-0576,WebE2ETest,Notifications_ClearAll_variation_576,3404,PASSED
SEL-0577,WebE2ETest,Request_SubmitEmergency_variation_577,2426,PASSED
SEL-0578,WebE2ETest,Request_SubmitEmergency_variation_578,3811,PASSED
SEL-0579,WebE2ETest,Login_ValidUser_variation_579,2119,PASSED
SEL-0580,WebE2ETest,Login_InvalidPassword_variation_580,1851,PASSED
SEL-0581,WebE2ETest,Logout_Success_variation_581,3717,PASSED
SEL-0582,WebE2ETest,Profile_UpdateAvatar_variation_582,3915,PASSED
SEL-0583,WebE2ETest,Search_DonorByBloodGroup_variation_583,3767,PASSED
SEL-0584,WebE2ETest,Login_ValidUser_variation_584,3085,PASSED
SEL-0585,WebE2ETest,Settings_ToggleDarkMode_variation_585,3214,PASSED
SEL-0586,WebE2ETest,Settings_ToggleDarkMode_variation_586,4314,PASSED
SEL-0587,WebE2ETest,Notifications_ClearAll_variation_587,3845,PASSED
SEL-0588,WebE2ETest,Search_DonorByBloodGroup_variation_588,3450,PASSED
SEL-0589,WebE2ETest,Request_SubmitEmergency_variation_589,1823,PASSED
SEL-0590,WebE2ETest,Profile_UpdateAvatar_variation_590,4425,PASSED
SEL-0591,WebE2ETest,Login_ValidUser_variation_591,3556,PASSED
SEL-0592,WebE2ETest,Settings_ToggleDarkMode_variation_592,3840,PASSED
SEL-0593,WebE2ETest,Dashboard_LoadData_variation_593,1992,PASSED
SEL-0594,WebE2ETest,Notifications_ClearAll_variation_594,2208,PASSED
SEL-0595,WebE2ETest,Dashboard_LoadData_variation_595,2367,PASSED
SEL-0596,WebE2ETest,Search_DonorByBloodGroup_variation_596,2016,PASSED
SEL-0597,WebE2ETest,Login_ValidUser_variation_597,3234,PASSED
SEL-0598,WebE2ETest,Login_InvalidPassword_variation_598,4298,PASSED
SEL-0599,WebE2ETest,Profile_UpdateAvatar_variation_599,2327,PASSED
SEL-0600,WebE2ETest,Dashboard_LoadData_variation_600,3937,PASSED
SEL-0601,WebE2ETest,Request_SubmitEmergency_variation_601,2809,PASSED
SEL-0602,WebE2ETest,Login_InvalidPassword_variation_602,1856,PASSED
SEL-0603,WebE2ETest,Profile_UpdateAvatar_variation_603,3778,PASSED
SEL-0604,WebE2ETest,Profile_UpdateAvatar_variation_604,3761,PASSED
SEL-0605,WebE2ETest,Logout_Success_variation_605,2631,PASSED
SEL-0606,WebE2ETest,Settings_ToggleDarkMode_variation_606,3376,PASSED
SEL-0607,WebE2ETest,Login_ValidUser_variation_607,4368,PASSED
SEL-0608,WebE2ETest,Settings_ToggleDarkMode_variation_608,3218,PASSED
SEL-0609,WebE2ETest,Login_InvalidPassword_variation_609,3197,PASSED
SEL-0610,WebE2ETest,Dashboard_LoadData_variation_610,2107,PASSED
SEL-0611,WebE2ETest,Login_InvalidPassword_variation_611,1932,PASSED
SEL-0612,WebE2ETest,Login_InvalidPassword_variation_612,2671,PASSED
SEL-0613,WebE2ETest,Settings_ToggleDarkMode_variation_613,2908,PASSED
SEL-0614,WebE2ETest,Profile_UpdateAvatar_variation_614,2581,PASSED
SEL-0615,WebE2ETest,Profile_UpdateAvatar_variation_615,4182,PASSED
SEL-0616,WebE2ETest,Notifications_ClearAll_variation_616,3843,PASSED
SEL-0617,WebE2ETest,Notifications_ClearAll_variation_617,1653,PASSED
SEL-0618,WebE2ETest,Dashboard_LoadData_variation_618,2628,PASSED
SEL-0619,WebE2ETest,Profile_UpdateAvatar_variation_619,2089,PASSED
SEL-0620,WebE2ETest,Profile_UpdateAvatar_variation_620,1658,PASSED
SEL-0621,WebE2ETest,Profile_UpdateAvatar_variation_621,2857,PASSED
SEL-0622,WebE2ETest,Search_DonorByBloodGroup_variation_622,1701,PASSED
SEL-0623,WebE2ETest,Notifications_ClearAll_variation_623,2600,PASSED
SEL-0624,WebE2ETest,Logout_Success_variation_624,1582,PASSED
SEL-0625,WebE2ETest,Logout_Success_variation_625,2741,PASSED
SEL-0626,WebE2ETest,Request_SubmitEmergency_variation_626,2648,PASSED
SEL-0627,WebE2ETest,Notifications_ClearAll_variation_627,4351,PASSED
SEL-0628,WebE2ETest,Login_InvalidPassword_variation_628,2433,PASSED
SEL-0629,WebE2ETest,Dashboard_LoadData_variation_629,2730,PASSED
SEL-0630,WebE2ETest,Notifications_ClearAll_variation_630,2814,PASSED
SEL-0631,WebE2ETest,Request_SubmitEmergency_variation_631,4485,PASSED
SEL-0632,WebE2ETest,Profile_UpdateAvatar_variation_632,3977,PASSED
SEL-0633,WebE2ETest,Login_InvalidPassword_variation_633,2269,PASSED
SEL-0634,WebE2ETest,Notifications_ClearAll_variation_634,2365,PASSED
SEL-0635,WebE2ETest,Profile_UpdateAvatar_variation_635,3484,PASSED
SEL-0636,WebE2ETest,Settings_ToggleDarkMode_variation_636,3031,PASSED
SEL-0637,WebE2ETest,Login_ValidUser_variation_637,3610,PASSED
SEL-0638,WebE2ETest,Dashboard_LoadData_variation_638,1768,PASSED
SEL-0639,WebE2ETest,Request_SubmitEmergency_variation_639,4406,PASSED
SEL-0640,WebE2ETest,Settings_ToggleDarkMode_variation_640,3152,PASSED
SEL-0641,WebE2ETest,Dashboard_LoadData_variation_641,3647,PASSED
SEL-0642,WebE2ETest,Login_ValidUser_variation_642,2211,PASSED
SEL-0643,WebE2ETest,Search_DonorByBloodGroup_variation_643,2322,PASSED
SEL-0644,WebE2ETest,Login_ValidUser_variation_644,2521,PASSED
SEL-0645,WebE2ETest,Login_ValidUser_variation_645,3369,PASSED
SEL-0646,WebE2ETest,Login_ValidUser_variation_646,2976,PASSED
SEL-0647,WebE2ETest,Search_DonorByBloodGroup_variation_647,2622,PASSED
SEL-0648,WebE2ETest,Logout_Success_variation_648,3401,PASSED
SEL-0649,WebE2ETest,Settings_ToggleDarkMode_variation_649,3125,PASSED
SEL-0650,WebE2ETest,Login_InvalidPassword_variation_650,4290,PASSED
SEL-0651,WebE2ETest,Login_ValidUser_variation_651,2490,PASSED
SEL-0652,WebE2ETest,Logout_Success_variation_652,3502,PASSED
SEL-0653,WebE2ETest,Notifications_ClearAll_variation_653,2227,PASSED
SEL-0654,WebE2ETest,Notifications_ClearAll_variation_654,3903,PASSED
SEL-0655,WebE2ETest,Settings_ToggleDarkMode_variation_655,2932,PASSED
SEL-0656,WebE2ETest,Logout_Success_variation_656,2169,PASSED
SEL-0657,WebE2ETest,Request_SubmitEmergency_variation_657,4321,PASSED
SEL-0658,WebE2ETest,Login_InvalidPassword_variation_658,2667,PASSED
SEL-0659,WebE2ETest,Login_ValidUser_variation_659,3083,PASSED
SEL-0660,WebE2ETest,Login_ValidUser_variation_660,2167,PASSED
SEL-0661,WebE2ETest,Search_DonorByBloodGroup_variation_661,2406,PASSED
SEL-0662,WebE2ETest,Search_DonorByBloodGroup_variation_662,4275,PASSED
SEL-0663,WebE2ETest,Search_DonorByBloodGroup_variation_663,2602,PASSED
SEL-0664,WebE2ETest,Profile_UpdateAvatar_variation_664,3602,PASSED
SEL-0665,WebE2ETest,Login_ValidUser_variation_665,4294,PASSED
SEL-0666,WebE2ETest,Login_ValidUser_variation_666,3441,PASSED
SEL-0667,WebE2ETest,Dashboard_LoadData_variation_667,4151,PASSED
SEL-0668,WebE2ETest,Dashboard_LoadData_variation_668,3962,PASSED
SEL-0669,WebE2ETest,Login_ValidUser_variation_669,2416,PASSED
SEL-0670,WebE2ETest,Request_SubmitEmergency_variation_670,3991,PASSED
SEL-0671,WebE2ETest,Request_SubmitEmergency_variation_671,4419,PASSED
SEL-0672,WebE2ETest,Request_SubmitEmergency_variation_672,3235,PASSED
SEL-0673,WebE2ETest,Profile_UpdateAvatar_variation_673,2928,PASSED
SEL-0674,WebE2ETest,Notifications_ClearAll_variation_674,2532,PASSED
SEL-0675,WebE2ETest,Search_DonorByBloodGroup_variation_675,3411,PASSED
SEL-0676,WebE2ETest,Request_SubmitEmergency_variation_676,4273,PASSED
SEL-0677,WebE2ETest,Settings_ToggleDarkMode_variation_677,4054,PASSED
SEL-0678,WebE2ETest,Profile_UpdateAvatar_variation_678,3894,PASSED
SEL-0679,WebE2ETest,Login_InvalidPassword_variation_679,1530,PASSED
SEL-0680,WebE2ETest,Settings_ToggleDarkMode_variation_680,4213,PASSED
SEL-0681,WebE2ETest,Logout_Success_variation_681,3799,PASSED
SEL-0682,WebE2ETest,Request_SubmitEmergency_variation_682,2722,PASSED
SEL-0683,WebE2ETest,Login_InvalidPassword_variation_683,3473,PASSED
SEL-0684,WebE2ETest,Login_InvalidPassword_variation_684,2877,PASSED
SEL-0685,WebE2ETest,Request_SubmitEmergency_variation_685,4123,PASSED
SEL-0686,WebE2ETest,Logout_Success_variation_686,2634,PASSED
SEL-0687,WebE2ETest,Request_SubmitEmergency_variation_687,4187,PASSED
SEL-0688,WebE2ETest,Request_SubmitEmergency_variation_688,2271,PASSED
SEL-0689,WebE2ETest,Dashboard_LoadData_variation_689,3618,PASSED
SEL-0690,WebE2ETest,Search_DonorByBloodGroup_variation_690,1732,PASSED
SEL-0691,WebE2ETest,Profile_UpdateAvatar_variation_691,4205,PASSED
SEL-0692,WebE2ETest,Logout_Success_variation_692,4288,PASSED
SEL-0693,WebE2ETest,Dashboard_LoadData_variation_693,4454,PASSED
SEL-0694,WebE2ETest,Login_ValidUser_variation_694,4184,PASSED
SEL-0695,WebE2ETest,Notifications_ClearAll_variation_695,2710,PASSED
SEL-0696,WebE2ETest,Request_SubmitEmergency_variation_696,3214,PASSED
SEL-0697,WebE2ETest,Profile_UpdateAvatar_variation_697,3090,PASSED
SEL-0698,WebE2ETest,Login_ValidUser_variation_698,3888,PASSED
SEL-0699,WebE2ETest,Search_DonorByBloodGroup_variation_699,2905,PASSED
SEL-0700,WebE2ETest,Search_DonorByBloodGroup_variation_700,4311,PASSED
SEL-0701,WebE2ETest,Settings_ToggleDarkMode_variation_701,4114,PASSED
SEL-0702,WebE2ETest,Notifications_ClearAll_variation_702,4251,PASSED
SEL-0703,WebE2ETest,Logout_Success_variation_703,3577,PASSED
SEL-0704,WebE2ETest,Request_SubmitEmergency_variation_704,2196,PASSED
SEL-0705,WebE2ETest,Settings_ToggleDarkMode_variation_705,2241,PASSED
SEL-0706,WebE2ETest,Request_SubmitEmergency_variation_706,1899,PASSED
SEL-0707,WebE2ETest,Notifications_ClearAll_variation_707,2024,PASSED
SEL-0708,WebE2ETest,Request_SubmitEmergency_variation_708,4470,PASSED
SEL-0709,WebE2ETest,Settings_ToggleDarkMode_variation_709,2249,PASSED
SEL-0710,WebE2ETest,Logout_Success_variation_710,4180,PASSED
SEL-0711,WebE2ETest,Login_InvalidPassword_variation_711,2410,PASSED
SEL-0712,WebE2ETest,Logout_Success_variation_712,2414,PASSED
SEL-0713,WebE2ETest,Request_SubmitEmergency_variation_713,3222,PASSED
SEL-0714,WebE2ETest,Logout_Success_variation_714,3022,PASSED
SEL-0715,WebE2ETest,Request_SubmitEmergency_variation_715,3898,PASSED
SEL-0716,WebE2ETest,Request_SubmitEmergency_variation_716,3399,PASSED
SEL-0717,WebE2ETest,Login_InvalidPassword_variation_717,3427,PASSED
SEL-0718,WebE2ETest,Login_ValidUser_variation_718,4098,PASSED
SEL-0719,WebE2ETest,Login_InvalidPassword_variation_719,3434,PASSED
SEL-0720,WebE2ETest,Search_DonorByBloodGroup_variation_720,3549,PASSED
SEL-0721,WebE2ETest,Login_InvalidPassword_variation_721,4288,PASSED
SEL-0722,WebE2ETest,Profile_UpdateAvatar_variation_722,3670,PASSED
SEL-0723,WebE2ETest,Request_SubmitEmergency_variation_723,3192,PASSED
SEL-0724,WebE2ETest,Login_ValidUser_variation_724,2117,PASSED
SEL-0725,WebE2ETest,Dashboard_LoadData_variation_725,2320,PASSED
SEL-0726,WebE2ETest,Logout_Success_variation_726,3176,PASSED
SEL-0727,WebE2ETest,Notifications_ClearAll_variation_727,2086,PASSED
SEL-0728,WebE2ETest,Logout_Success_variation_728,4431,PASSED
SEL-0729,WebE2ETest,Dashboard_LoadData_variation_729,1831,PASSED
SEL-0730,WebE2ETest,Notifications_ClearAll_variation_730,2862,PASSED
SEL-0731,WebE2ETest,Dashboard_LoadData_variation_731,2783,PASSED
SEL-0732,WebE2ETest,Login_ValidUser_variation_732,1519,PASSED
SEL-0733,WebE2ETest,Notifications_ClearAll_variation_733,2620,PASSED
SEL-0734,WebE2ETest,Search_DonorByBloodGroup_variation_734,2190,PASSED
SEL-0735,WebE2ETest,Dashboard_LoadData_variation_735,3505,PASSED
SEL-0736,WebE2ETest,Login_InvalidPassword_variation_736,2030,PASSED
SEL-0737,WebE2ETest,Profile_UpdateAvatar_variation_737,4094,PASSED
SEL-0738,WebE2ETest,Profile_UpdateAvatar_variation_738,3152,PASSED
SEL-0739,WebE2ETest,Profile_UpdateAvatar_variation_739,3455,PASSED
SEL-0740,WebE2ETest,Profile_UpdateAvatar_variation_740,1519,PASSED
SEL-0741,WebE2ETest,Login_ValidUser_variation_741,3686,PASSED
SEL-0742,WebE2ETest,Search_DonorByBloodGroup_variation_742,4492,PASSED
SEL-0743,WebE2ETest,Logout_Success_variation_743,1557,PASSED
SEL-0744,WebE2ETest,Logout_Success_variation_744,3675,PASSED
SEL-0745,WebE2ETest,Search_DonorByBloodGroup_variation_745,1573,PASSED
SEL-0746,WebE2ETest,Login_ValidUser_variation_746,4066,PASSED
SEL-0747,WebE2ETest,Search_DonorByBloodGroup_variation_747,2426,PASSED
SEL-0748,WebE2ETest,Logout_Success_variation_748,2778,PASSED
SEL-0749,WebE2ETest,Dashboard_LoadData_variation_749,1920,PASSED
SEL-0750,WebE2ETest,Profile_UpdateAvatar_variation_750,3561,PASSED
SEL-0751,WebE2ETest,Request_SubmitEmergency_variation_751,2184,PASSED
SEL-0752,WebE2ETest,Login_InvalidPassword_variation_752,1687,PASSED
SEL-0753,WebE2ETest,Request_SubmitEmergency_variation_753,2691,PASSED
SEL-0754,WebE2ETest,Notifications_ClearAll_variation_754,4481,PASSED
SEL-0755,WebE2ETest,Settings_ToggleDarkMode_variation_755,3942,PASSED
SEL-0756,WebE2ETest,Settings_ToggleDarkMode_variation_756,2883,PASSED
SEL-0757,WebE2ETest,Profile_UpdateAvatar_variation_757,4313,PASSED
SEL-0758,WebE2ETest,Dashboard_LoadData_variation_758,2903,PASSED
SEL-0759,WebE2ETest,Notifications_ClearAll_variation_759,2971,PASSED
SEL-0760,WebE2ETest,Search_DonorByBloodGroup_variation_760,2175,PASSED
SEL-0761,WebE2ETest,Profile_UpdateAvatar_variation_761,1578,PASSED
SEL-0762,WebE2ETest,Search_DonorByBloodGroup_variation_762,2418,PASSED
SEL-0763,WebE2ETest,Dashboard_LoadData_variation_763,2365,PASSED
SEL-0764,WebE2ETest,Login_ValidUser_variation_764,3915,PASSED
SEL-0765,WebE2ETest,Settings_ToggleDarkMode_variation_765,2192,PASSED
SEL-0766,WebE2ETest,Login_InvalidPassword_variation_766,3001,PASSED
SEL-0767,WebE2ETest,Login_ValidUser_variation_767,3036,PASSED
SEL-0768,WebE2ETest,Request_SubmitEmergency_variation_768,3690,PASSED
SEL-0769,WebE2ETest,Login_ValidUser_variation_769,3932,PASSED
SEL-0770,WebE2ETest,Login_ValidUser_variation_770,4211,PASSED
SEL-0771,WebE2ETest,Login_InvalidPassword_variation_771,4177,PASSED
SEL-0772,WebE2ETest,Login_ValidUser_variation_772,1697,PASSED
SEL-0773,WebE2ETest,Login_InvalidPassword_variation_773,3207,PASSED
SEL-0774,WebE2ETest,Notifications_ClearAll_variation_774,3057,PASSED
SEL-0775,WebE2ETest,Login_InvalidPassword_variation_775,3741,PASSED
SEL-0776,WebE2ETest,Request_SubmitEmergency_variation_776,3443,PASSED
SEL-0777,WebE2ETest,Dashboard_LoadData_variation_777,2341,PASSED
SEL-0778,WebE2ETest,Login_ValidUser_variation_778,2733,PASSED
SEL-0779,WebE2ETest,Profile_UpdateAvatar_variation_779,4210,PASSED
SEL-0780,WebE2ETest,Login_InvalidPassword_variation_780,4213,PASSED
SEL-0781,WebE2ETest,Settings_ToggleDarkMode_variation_781,2605,PASSED
SEL-0782,WebE2ETest,Dashboard_LoadData_variation_782,3215,PASSED
SEL-0783,WebE2ETest,Login_InvalidPassword_variation_783,3595,PASSED
SEL-0784,WebE2ETest,Login_InvalidPassword_variation_784,2657,PASSED
SEL-0785,WebE2ETest,Login_InvalidPassword_variation_785,1935,PASSED
SEL-0786,WebE2ETest,Notifications_ClearAll_variation_786,2313,PASSED
SEL-0787,WebE2ETest,Search_DonorByBloodGroup_variation_787,2577,PASSED
SEL-0788,WebE2ETest,Settings_ToggleDarkMode_variation_788,2326,PASSED
SEL-0789,WebE2ETest,Logout_Success_variation_789,4381,PASSED
SEL-0790,WebE2ETest,Profile_UpdateAvatar_variation_790,2709,PASSED
SEL-0791,WebE2ETest,Dashboard_LoadData_variation_791,1661,PASSED
SEL-0792,WebE2ETest,Settings_ToggleDarkMode_variation_792,3533,PASSED
SEL-0793,WebE2ETest,Search_DonorByBloodGroup_variation_793,4318,PASSED
SEL-0794,WebE2ETest,Notifications_ClearAll_variation_794,2854,PASSED
SEL-0795,WebE2ETest,Search_DonorByBloodGroup_variation_795,1511,PASSED
SEL-0796,WebE2ETest,Login_ValidUser_variation_796,4251,PASSED
SEL-0797,WebE2ETest,Login_InvalidPassword_variation_797,1952,PASSED
SEL-0798,WebE2ETest,Notifications_ClearAll_variation_798,2110,PASSED
SEL-0799,WebE2ETest,Login_InvalidPassword_variation_799,3595,PASSED
SEL-0800,WebE2ETest,Login_InvalidPassword_variation_800,4463,PASSED
SEL-0801,WebE2ETest,Login_InvalidPassword_variation_801,2548,PASSED
SEL-0802,WebE2ETest,Search_DonorByBloodGroup_variation_802,3370,PASSED
SEL-0803,WebE2ETest,Request_SubmitEmergency_variation_803,2581,PASSED
SEL-0804,WebE2ETest,Notifications_ClearAll_variation_804,1705,PASSED
SEL-0805,WebE2ETest,Login_InvalidPassword_variation_805,2215,PASSED
SEL-0806,WebE2ETest,Login_ValidUser_variation_806,2690,PASSED
SEL-0807,WebE2ETest,Logout_Success_variation_807,4272,PASSED
SEL-0808,WebE2ETest,Logout_Success_variation_808,3244,PASSED
SEL-0809,WebE2ETest,Login_InvalidPassword_variation_809,1889,PASSED
SEL-0810,WebE2ETest,Login_ValidUser_variation_810,1539,PASSED
SEL-0811,WebE2ETest,Dashboard_LoadData_variation_811,4217,PASSED
SEL-0812,WebE2ETest,Dashboard_LoadData_variation_812,2846,PASSED
SEL-0813,WebE2ETest,Logout_Success_variation_813,3292,PASSED
SEL-0814,WebE2ETest,Request_SubmitEmergency_variation_814,1880,PASSED
SEL-0815,WebE2ETest,Logout_Success_variation_815,2903,PASSED
SEL-0816,WebE2ETest,Dashboard_LoadData_variation_816,1966,PASSED
SEL-0817,WebE2ETest,Profile_UpdateAvatar_variation_817,3139,PASSED
SEL-0818,WebE2ETest,Notifications_ClearAll_variation_818,2613,PASSED
SEL-0819,WebE2ETest,Profile_UpdateAvatar_variation_819,4325,PASSED
SEL-0820,WebE2ETest,Notifications_ClearAll_variation_820,3227,PASSED
SEL-0821,WebE2ETest,Dashboard_LoadData_variation_821,1963,PASSED
SEL-0822,WebE2ETest,Dashboard_LoadData_variation_822,4351,PASSED
SEL-0823,WebE2ETest,Login_ValidUser_variation_823,2152,PASSED
SEL-0824,WebE2ETest,Login_InvalidPassword_variation_824,3204,PASSED
SEL-0825,WebE2ETest,Notifications_ClearAll_variation_825,3830,PASSED
SEL-0826,WebE2ETest,Notifications_ClearAll_variation_826,2242,PASSED
SEL-0827,WebE2ETest,Profile_UpdateAvatar_variation_827,2968,PASSED
SEL-0828,WebE2ETest,Login_ValidUser_variation_828,4303,PASSED
SEL-0829,WebE2ETest,Dashboard_LoadData_variation_829,3478,PASSED
SEL-0830,WebE2ETest,Notifications_ClearAll_variation_830,1962,PASSED
SEL-0831,WebE2ETest,Profile_UpdateAvatar_variation_831,3305,PASSED
SEL-0832,WebE2ETest,Login_ValidUser_variation_832,1759,PASSED
SEL-0833,WebE2ETest,Request_SubmitEmergency_variation_833,4182,PASSED
SEL-0834,WebE2ETest,Logout_Success_variation_834,1550,PASSED
SEL-0835,WebE2ETest,Settings_ToggleDarkMode_variation_835,3861,PASSED
SEL-0836,WebE2ETest,Search_DonorByBloodGroup_variation_836,4243,PASSED
SEL-0837,WebE2ETest,Logout_Success_variation_837,3626,PASSED
SEL-0838,WebE2ETest,Settings_ToggleDarkMode_variation_838,4319,PASSED
SEL-0839,WebE2ETest,Login_InvalidPassword_variation_839,3272,PASSED
SEL-0840,WebE2ETest,Search_DonorByBloodGroup_variation_840,3473,PASSED
SEL-0841,WebE2ETest,Logout_Success_variation_841,4218,PASSED
SEL-0842,WebE2ETest,Profile_UpdateAvatar_variation_842,2108,PASSED
SEL-0843,WebE2ETest,Settings_ToggleDarkMode_variation_843,4010,PASSED
SEL-0844,WebE2ETest,Login_ValidUser_variation_844,1547,PASSED
SEL-0845,WebE2ETest,Dashboard_LoadData_variation_845,3570,PASSED
SEL-0846,WebE2ETest,Notifications_ClearAll_variation_846,3530,PASSED
SEL-0847,WebE2ETest,Dashboard_LoadData_variation_847,1806,PASSED
SEL-0848,WebE2ETest,Notifications_ClearAll_variation_848,2813,PASSED
SEL-0849,WebE2ETest,Search_DonorByBloodGroup_variation_849,2855,PASSED
SEL-0850,WebE2ETest,Request_SubmitEmergency_variation_850,1706,PASSED
SEL-0851,WebE2ETest,Settings_ToggleDarkMode_variation_851,2412,PASSED
SEL-0852,WebE2ETest,Settings_ToggleDarkMode_variation_852,4135,PASSED
SEL-0853,WebE2ETest,Profile_UpdateAvatar_variation_853,3151,PASSED
SEL-0854,WebE2ETest,Search_DonorByBloodGroup_variation_854,1822,PASSED
SEL-0855,WebE2ETest,Notifications_ClearAll_variation_855,3319,PASSED
SEL-0856,WebE2ETest,Notifications_ClearAll_variation_856,1860,PASSED
SEL-0857,WebE2ETest,Notifications_ClearAll_variation_857,3331,PASSED
SEL-0858,WebE2ETest,Logout_Success_variation_858,1986,PASSED
SEL-0859,WebE2ETest,Notifications_ClearAll_variation_859,4176,PASSED
SEL-0860,WebE2ETest,Login_ValidUser_variation_860,1920,PASSED
SEL-0861,WebE2ETest,Profile_UpdateAvatar_variation_861,3188,PASSED
SEL-0862,WebE2ETest,Login_ValidUser_variation_862,3782,PASSED
SEL-0863,WebE2ETest,Settings_ToggleDarkMode_variation_863,1500,PASSED
SEL-0864,WebE2ETest,Login_InvalidPassword_variation_864,3974,PASSED
SEL-0865,WebE2ETest,Request_SubmitEmergency_variation_865,3582,PASSED
SEL-0866,WebE2ETest,Settings_ToggleDarkMode_variation_866,2347,PASSED
SEL-0867,WebE2ETest,Notifications_ClearAll_variation_867,2896,PASSED
SEL-0868,WebE2ETest,Logout_Success_variation_868,1722,PASSED
SEL-0869,WebE2ETest,Search_DonorByBloodGroup_variation_869,3361,PASSED
SEL-0870,WebE2ETest,Logout_Success_variation_870,3794,PASSED
SEL-0871,WebE2ETest,Notifications_ClearAll_variation_871,4435,PASSED
SEL-0872,WebE2ETest,Logout_Success_variation_872,4432,PASSED
SEL-0873,WebE2ETest,Notifications_ClearAll_variation_873,1967,PASSED
SEL-0874,WebE2ETest,Login_InvalidPassword_variation_874,4198,PASSED
SEL-0875,WebE2ETest,Search_DonorByBloodGroup_variation_875,1508,PASSED
SEL-0876,WebE2ETest,Logout_Success_variation_876,2954,PASSED
SEL-0877,WebE2ETest,Request_SubmitEmergency_variation_877,3743,PASSED
SEL-0878,WebE2ETest,Settings_ToggleDarkMode_variation_878,3031,PASSED
SEL-0879,WebE2ETest,Login_InvalidPassword_variation_879,1687,PASSED
SEL-0880,WebE2ETest,Dashboard_LoadData_variation_880,3516,PASSED
SEL-0881,WebE2ETest,Dashboard_LoadData_variation_881,4436,PASSED
SEL-0882,WebE2ETest,Profile_UpdateAvatar_variation_882,1938,PASSED
SEL-0883,WebE2ETest,Request_SubmitEmergency_variation_883,4002,PASSED
SEL-0884,WebE2ETest,Search_DonorByBloodGroup_variation_884,2268,PASSED
SEL-0885,WebE2ETest,Login_InvalidPassword_variation_885,3109,PASSED
SEL-0886,WebE2ETest,Search_DonorByBloodGroup_variation_886,3372,PASSED
SEL-0887,WebE2ETest,Search_DonorByBloodGroup_variation_887,4435,PASSED
SEL-0888,WebE2ETest,Logout_Success_variation_888,1941,PASSED
SEL-0889,WebE2ETest,Profile_UpdateAvatar_variation_889,1690,PASSED
SEL-0890,WebE2ETest,Login_InvalidPassword_variation_890,3345,PASSED
SEL-0891,WebE2ETest,Notifications_ClearAll_variation_891,4197,PASSED
SEL-0892,WebE2ETest,Settings_ToggleDarkMode_variation_892,2051,PASSED
SEL-0893,WebE2ETest,Notifications_ClearAll_variation_893,1517,PASSED
SEL-0894,WebE2ETest,Settings_ToggleDarkMode_variation_894,1698,PASSED
SEL-0895,WebE2ETest,Settings_ToggleDarkMode_variation_895,3272,PASSED
SEL-0896,WebE2ETest,Notifications_ClearAll_variation_896,3582,PASSED
SEL-0897,WebE2ETest,Dashboard_LoadData_variation_897,4333,PASSED
SEL-0898,WebE2ETest,Dashboard_LoadData_variation_898,4492,PASSED
SEL-0899,WebE2ETest,Dashboard_LoadData_variation_899,1924,PASSED
SEL-0900,WebE2ETest,Profile_UpdateAvatar_variation_900,4193,PASSED
SEL-0901,WebE2ETest,Logout_Success_variation_901,3564,PASSED
SEL-0902,WebE2ETest,Profile_UpdateAvatar_variation_902,3214,PASSED
SEL-0903,WebE2ETest,Search_DonorByBloodGroup_variation_903,2620,PASSED
SEL-0904,WebE2ETest,Profile_UpdateAvatar_variation_904,2904,PASSED
SEL-0905,WebE2ETest,Request_SubmitEmergency_variation_905,3354,PASSED
SEL-0906,WebE2ETest,Dashboard_LoadData_variation_906,2065,PASSED
SEL-0907,WebE2ETest,Profile_UpdateAvatar_variation_907,3967,PASSED
SEL-0908,WebE2ETest,Settings_ToggleDarkMode_variation_908,2724,PASSED
SEL-0909,WebE2ETest,Settings_ToggleDarkMode_variation_909,2785,PASSED
SEL-0910,WebE2ETest,Settings_ToggleDarkMode_variation_910,4091,PASSED
SEL-0911,WebE2ETest,Search_DonorByBloodGroup_variation_911,2322,PASSED
SEL-0912,WebE2ETest,Search_DonorByBloodGroup_variation_912,4056,PASSED
SEL-0913,WebE2ETest,Request_SubmitEmergency_variation_913,4312,PASSED
SEL-0914,WebE2ETest,Logout_Success_variation_914,4254,PASSED
SEL-0915,WebE2ETest,Dashboard_LoadData_variation_915,4409,PASSED
SEL-0916,WebE2ETest,Dashboard_LoadData_variation_916,3563,PASSED
SEL-0917,WebE2ETest,Settings_ToggleDarkMode_variation_917,4343,PASSED
SEL-0918,WebE2ETest,Logout_Success_variation_918,4409,PASSED
SEL-0919,WebE2ETest,Login_InvalidPassword_variation_919,2942,PASSED
SEL-0920,WebE2ETest,Settings_ToggleDarkMode_variation_920,3467,PASSED
SEL-0921,WebE2ETest,Profile_UpdateAvatar_variation_921,4261,PASSED
SEL-0922,WebE2ETest,Settings_ToggleDarkMode_variation_922,2671,PASSED
SEL-0923,WebE2ETest,Profile_UpdateAvatar_variation_923,1552,PASSED
SEL-0924,WebE2ETest,Settings_ToggleDarkMode_variation_924,1936,PASSED
SEL-0925,WebE2ETest,Login_ValidUser_variation_925,3060,PASSED
SEL-0926,WebE2ETest,Dashboard_LoadData_variation_926,1717,PASSED
SEL-0927,WebE2ETest,Login_ValidUser_variation_927,2318,PASSED
SEL-0928,WebE2ETest,Request_SubmitEmergency_variation_928,2159,PASSED
SEL-0929,WebE2ETest,Request_SubmitEmergency_variation_929,4299,PASSED
SEL-0930,WebE2ETest,Request_SubmitEmergency_variation_930,2099,PASSED
SEL-0931,WebE2ETest,Login_ValidUser_variation_931,4328,PASSED
SEL-0932,WebE2ETest,Request_SubmitEmergency_variation_932,2335,PASSED
SEL-0933,WebE2ETest,Settings_ToggleDarkMode_variation_933,1632,PASSED
SEL-0934,WebE2ETest,Logout_Success_variation_934,3353,PASSED
SEL-0935,WebE2ETest,Login_InvalidPassword_variation_935,4023,PASSED
SEL-0936,WebE2ETest,Settings_ToggleDarkMode_variation_936,2418,PASSED
SEL-0937,WebE2ETest,Settings_ToggleDarkMode_variation_937,3092,PASSED
SEL-0938,WebE2ETest,Search_DonorByBloodGroup_variation_938,3592,PASSED
SEL-0939,WebE2ETest,Request_SubmitEmergency_variation_939,4338,PASSED
SEL-0940,WebE2ETest,Login_ValidUser_variation_940,3062,PASSED
SEL-0941,WebE2ETest,Profile_UpdateAvatar_variation_941,3206,PASSED
SEL-0942,WebE2ETest,Logout_Success_variation_942,3761,PASSED
SEL-0943,WebE2ETest,Login_ValidUser_variation_943,1553,PASSED
SEL-0944,WebE2ETest,Request_SubmitEmergency_variation_944,2331,PASSED
SEL-0945,WebE2ETest,Notifications_ClearAll_variation_945,2423,PASSED
SEL-0946,WebE2ETest,Logout_Success_variation_946,3910,PASSED
SEL-0947,WebE2ETest,Settings_ToggleDarkMode_variation_947,3971,PASSED
SEL-0948,WebE2ETest,Search_DonorByBloodGroup_variation_948,4469,PASSED
SEL-0949,WebE2ETest,Search_DonorByBloodGroup_variation_949,2704,PASSED
SEL-0950,WebE2ETest,Notifications_ClearAll_variation_950,2226,PASSED
SEL-0951,WebE2ETest,Login_InvalidPassword_variation_951,2265,PASSED
SEL-0952,WebE2ETest,Dashboard_LoadData_variation_952,3604,PASSED
SEL-0953,WebE2ETest,Login_InvalidPassword_variation_953,3045,PASSED
SEL-0954,WebE2ETest,Login_ValidUser_variation_954,3255,PASSED
SEL-0955,WebE2ETest,Request_SubmitEmergency_variation_955,3779,PASSED
SEL-0956,WebE2ETest,Request_SubmitEmergency_variation_956,2032,PASSED
SEL-0957,WebE2ETest,Dashboard_LoadData_variation_957,3892,PASSED
SEL-0958,WebE2ETest,Request_SubmitEmergency_variation_958,1523,PASSED
SEL-0959,WebE2ETest,Logout_Success_variation_959,3410,PASSED
SEL-0960,WebE2ETest,Dashboard_LoadData_variation_960,1663,PASSED
SEL-0961,WebE2ETest,Dashboard_LoadData_variation_961,2821,PASSED
SEL-0962,WebE2ETest,Login_ValidUser_variation_962,4061,PASSED
SEL-0963,WebE2ETest,Request_SubmitEmergency_variation_963,3509,PASSED
SEL-0964,WebE2ETest,Settings_ToggleDarkMode_variation_964,2966,PASSED
SEL-0965,WebE2ETest,Login_InvalidPassword_variation_965,4398,PASSED
SEL-0966,WebE2ETest,Logout_Success_variation_966,3652,PASSED
SEL-0967,WebE2ETest,Search_DonorByBloodGroup_variation_967,2253,PASSED
SEL-0968,WebE2ETest,Settings_ToggleDarkMode_variation_968,1779,PASSED
SEL-0969,WebE2ETest,Settings_ToggleDarkMode_variation_969,2152,PASSED
SEL-0970,WebE2ETest,Profile_UpdateAvatar_variation_970,3724,PASSED
SEL-0971,WebE2ETest,Settings_ToggleDarkMode_variation_971,3152,PASSED
SEL-0972,WebE2ETest,Login_InvalidPassword_variation_972,2931,PASSED
SEL-0973,WebE2ETest,Search_DonorByBloodGroup_variation_973,2373,PASSED
SEL-0974,WebE2ETest,Logout_Success_variation_974,2856,PASSED
SEL-0975,WebE2ETest,Logout_Success_variation_975,2702,PASSED
SEL-0976,WebE2ETest,Search_DonorByBloodGroup_variation_976,4032,PASSED
SEL-0977,WebE2ETest,Settings_ToggleDarkMode_variation_977,3445,PASSED
SEL-0978,WebE2ETest,Settings_ToggleDarkMode_variation_978,4159,PASSED
SEL-0979,WebE2ETest,Login_ValidUser_variation_979,1969,PASSED
SEL-0980,WebE2ETest,Logout_Success_variation_980,3325,PASSED
SEL-0981,WebE2ETest,Search_DonorByBloodGroup_variation_981,4130,PASSED
SEL-0982,WebE2ETest,Search_DonorByBloodGroup_variation_982,1663,PASSED
SEL-0983,WebE2ETest,Logout_Success_variation_983,3062,PASSED
SEL-0984,WebE2ETest,Login_InvalidPassword_variation_984,3080,PASSED
SEL-0985,WebE2ETest,Request_SubmitEmergency_variation_985,3712,PASSED
SEL-0986,WebE2ETest,Request_SubmitEmergency_variation_986,1601,PASSED
SEL-0987,WebE2ETest,Settings_ToggleDarkMode_variation_987,3035,PASSED
SEL-0988,WebE2ETest,Settings_ToggleDarkMode_variation_988,3583,PASSED
SEL-0989,WebE2ETest,Notifications_ClearAll_variation_989,3493,PASSED
SEL-0990,WebE2ETest,Login_ValidUser_variation_990,2714,PASSED
SEL-0991,WebE2ETest,Search_DonorByBloodGroup_variation_991,2812,PASSED
SEL-0992,WebE2ETest,Settings_ToggleDarkMode_variation_992,1837,PASSED
SEL-0993,WebE2ETest,Login_InvalidPassword_variation_993,2185,PASSED
SEL-0994,WebE2ETest,Settings_ToggleDarkMode_variation_994,3684,PASSED
SEL-0995,WebE2ETest,Login_ValidUser_variation_995,4067,PASSED
SEL-0996,WebE2ETest,Login_InvalidPassword_variation_996,2363,PASSED
SEL-0997,WebE2ETest,Search_DonorByBloodGroup_variation_997,4307,PASSED
SEL-0998,WebE2ETest,Profile_UpdateAvatar_variation_998,1925,PASSED
SEL-0999,WebE2ETest,Search_DonorByBloodGroup_variation_999,3702,PASSED
SEL-1000,WebE2ETest,Profile_UpdateAvatar_variation_1000,4148,PASSED
SEL-1001,WebE2ETest,Login_InvalidPassword_variation_1001,4310,PASSED
SEL-1002,WebE2ETest,Dashboard_LoadData_variation_1002,1597,PASSED
SEL-1003,WebE2ETest,Notifications_ClearAll_variation_1003,4436,PASSED
SEL-1004,WebE2ETest,Logout_Success_variation_1004,1655,PASSED
SEL-1005,WebE2ETest,Login_InvalidPassword_variation_1005,1800,PASSED
SEL-1006,WebE2ETest,Login_ValidUser_variation_1006,2229,PASSED
SEL-1007,WebE2ETest,Request_SubmitEmergency_variation_1007,3785,PASSED
SEL-1008,WebE2ETest,Login_InvalidPassword_variation_1008,3855,PASSED
SEL-1009,WebE2ETest,Search_DonorByBloodGroup_variation_1009,2559,PASSED
SEL-1010,WebE2ETest,Profile_UpdateAvatar_variation_1010,3089,PASSED
SEL-1011,WebE2ETest,Notifications_ClearAll_variation_1011,4081,PASSED
SEL-1012,WebE2ETest,Profile_UpdateAvatar_variation_1012,3273,PASSED
SEL-1013,WebE2ETest,Logout_Success_variation_1013,1569,PASSED
SEL-1014,WebE2ETest,Profile_UpdateAvatar_variation_1014,4257,PASSED
SEL-1015,WebE2ETest,Login_InvalidPassword_variation_1015,3690,PASSED
SEL-1016,WebE2ETest,Login_ValidUser_variation_1016,4127,PASSED
SEL-1017,WebE2ETest,Login_InvalidPassword_variation_1017,3898,PASSED
SEL-1018,WebE2ETest,Login_ValidUser_variation_1018,4370,PASSED
SEL-1019,WebE2ETest,Login_InvalidPassword_variation_1019,2965,PASSED
SEL-1020,WebE2ETest,Settings_ToggleDarkMode_variation_1020,1934,PASSED
SEL-1021,WebE2ETest,Request_SubmitEmergency_variation_1021,4309,PASSED
SEL-1022,WebE2ETest,Request_SubmitEmergency_variation_1022,3984,PASSED
SEL-1023,WebE2ETest,Login_InvalidPassword_variation_1023,2653,PASSED
SEL-1024,WebE2ETest,Notifications_ClearAll_variation_1024,3062,PASSED
SEL-1025,WebE2ETest,Profile_UpdateAvatar_variation_1025,4206,PASSED
SEL-1026,WebE2ETest,Login_ValidUser_variation_1026,3441,PASSED
SEL-1027,WebE2ETest,Dashboard_LoadData_variation_1027,3685,PASSED
SEL-1028,WebE2ETest,Search_DonorByBloodGroup_variation_1028,2058,PASSED
SEL-1029,WebE2ETest,Profile_UpdateAvatar_variation_1029,3735,PASSED
SEL-1030,WebE2ETest,Request_SubmitEmergency_variation_1030,4097,PASSED
SEL-1031,WebE2ETest,Dashboard_LoadData_variation_1031,2720,PASSED
SEL-1032,WebE2ETest,Logout_Success_variation_1032,1545,PASSED
SEL-1033,WebE2ETest,Settings_ToggleDarkMode_variation_1033,3773,PASSED
SEL-1034,WebE2ETest,Dashboard_LoadData_variation_1034,2004,PASSED
SEL-1035,WebE2ETest,Login_ValidUser_variation_1035,1520,PASSED
SEL-1036,WebE2ETest,Profile_UpdateAvatar_variation_1036,3700,PASSED
SEL-1037,WebE2ETest,Settings_ToggleDarkMode_variation_1037,1848,PASSED
SEL-1038,WebE2ETest,Request_SubmitEmergency_variation_1038,2360,PASSED
SEL-1039,WebE2ETest,Logout_Success_variation_1039,2367,PASSED
SEL-1040,WebE2ETest,Profile_UpdateAvatar_variation_1040,4145,PASSED
SEL-1041,WebE2ETest,Settings_ToggleDarkMode_variation_1041,2083,PASSED
SEL-1042,WebE2ETest,Dashboard_LoadData_variation_1042,2253,PASSED
SEL-1043,WebE2ETest,Search_DonorByBloodGroup_variation_1043,4026,PASSED
SEL-1044,WebE2ETest,Request_SubmitEmergency_variation_1044,2295,PASSED
SEL-1045,WebE2ETest,Login_InvalidPassword_variation_1045,2242,PASSED
SEL-1046,WebE2ETest,Login_ValidUser_variation_1046,3748,PASSED
SEL-1047,WebE2ETest,Notifications_ClearAll_variation_1047,4140,PASSED
SEL-1048,WebE2ETest,Settings_ToggleDarkMode_variation_1048,1799,PASSED
SEL-1049,WebE2ETest,Request_SubmitEmergency_variation_1049,4251,PASSED
SEL-1050,WebE2ETest,Login_InvalidPassword_variation_1050,2526,PASSED
